simple_rank,composite_rank,fqcn,method,parameters,file,start_line,end_line,loc,revisions,simple_score,recency_decay,cognitive_complexity,coverage_multiplier,composite_score
1,1,io.graphrag.builder.run.EndpointExplorationRunner,run,"Endpoint;BodyShape;List<TableSchema>;List<ConstraintExtractor.ConditionSpan>;List<ConstraintExtractor.Comparison>;InputCandidates;Map<String,List<FieldConstraint>>;List<ConstraintExtractor.Conjunction>;List<ConstraintExtractor.JoinGuard>;List<ConstraintExtractor.StateGuard>;List<ConstraintExtractor.StateGuardConjunction>;boolean;Map<String,BodyShape>;List<FormFieldBinding>",graph-rag-builder/src/main/java/io/graphrag/builder/run/EndpointExplorationRunner.java,368,687,320,32,10240,18.2291,74,10,13489.5461
2,2,io.graphrag.builder.cli.BuilderCli,explore,"ExplorationEnvironment;BuildConfig;IndexResult;io.graphrag.builder.index.WsIndexResult;io.graphrag.builder.index.KafkaIndexResult;List<MapperStatement>;List<Set<String>>;IncrementalPlan;Map<String,List<String>>;List<io.graphrag.builder.index.ExternalCallSite>;Map<String,Map<String,List<String>>>;ExplorationAccumulators;CoverageProbe",graph-rag-builder/src/main/java/io/graphrag/builder/cli/BuilderCli.java,668,1027,360,20,7200,16.3157,48,10,7831.5285
3,3,io.graphrag.builder.cli.BuilderCli,main,String[],graph-rag-builder/src/main/java/io/graphrag/builder/cli/BuilderCli.java,98,213,116,50,5800,22.6938,16,10,3631.0125
10,4,io.graphrag.builder.run.EndpointExplorationRunner,runResponseVariantLoops,Endpoint;JsonNode;ExplorationOutcome,graph-rag-builder/src/main/java/io/graphrag/builder/run/EndpointExplorationRunner.java,2033,2141,109,11,1199,10.0572,23,10,2313.1644
7,5,io.graphrag.generator.Generator,buildScenarioMethod,Endpoint;GenerationRequest;ExploredPath,test-generator/src/main/java/io/graphrag/generator/Generator.java,145,225,81,18,1458,8.3562,20,10,1671.2333
15,6,io.graphrag.builder.run.EndpointExplorationRunner,attachSeeds,Endpoint;boolean;List<ExploredPath>;List<RequiredSeed>,graph-rag-builder/src/main/java/io/graphrag/builder/run/EndpointExplorationRunner.java,1543,1608,66,6,396,5.5375,28,10,1550.5018
5,7,io.graphrag.builder.run.ReadInputSynthesizer,synthesizeVariants,Endpoint;List<TableSchema>;List<ConstraintExtractor.StateGuard>;List<ConstraintExtractor.StateGuardConjunction>,graph-rag-builder/src/main/java/io/graphrag/builder/run/ReadInputSynthesizer.java,170,401,232,19,4408,9.5779,119,1.0133,1154.8956
11,8,io.graphrag.generator.Generator,generate,GenerationRequest,test-generator/src/main/java/io/graphrag/generator/Generator.java,58,120,63,12,756,5.0773,19,10,964.6842
6,9,io.graphrag.builder.cli.BuilderCli,runAttached,"BuildConfig;PjacocoAgent;OtelAgent;Path;Map<String,String>;IndexResult;io.graphrag.builder.index.WsIndexResult;io.graphrag.builder.index.KafkaIndexResult;List<MapperStatement>;List<Set<String>>;IncrementalPlan;Map<String,List<String>>;List<io.graphrag.builder.index.ExternalCallSite>;Map<String,Map<String,List<String>>>;ExplorationAccumulators",graph-rag-builder/src/main/java/io/graphrag/builder/cli/BuilderCli.java,471,600,130,13,1690,9.6464,10,10,964.6395
13,10,io.graphrag.generator.compose.FixtureComposer,assertionsFromResponse,"ExploredPath;List<CapturedSql>;Map<String,String>;String;String;String",test-generator/src/main/java/io/graphrag/generator/compose/FixtureComposer.java,249,312,64,9,576,4.6210,20,10,924.1910
9,11,io.graphrag.generator.compose.FixtureComposer,compose,"ExploredPath;List<CapturedSql>;List<TableSchema>;List<RequiredSeed>;boolean;Map<String,String>;String;String;String",test-generator/src/main/java/io/graphrag/generator/compose/FixtureComposer.java,82,188,107,12,1284,4.1992,22,10,923.8169
16,12,io.graphrag.builder.run.EndpointExplorationRunner,exploreStateGuardVariants,Endpoint;List<TableSchema>;List<ConstraintExtractor.StateGuard>;List<ConstraintExtractor.StateGuardConjunction>,graph-rag-builder/src/main/java/io/graphrag/builder/run/EndpointExplorationRunner.java,980,1053,74,5,370,3.1882,23,10,733.2815
20,13,io.graphrag.sample.orders.OrderController,create,CreateOrderRequest,samples/order-service/src/main/java/io/graphrag/sample/orders/OrderController.java,43,86,44,6,264,3.7484,19,10,712.1875
14,14,io.graphrag.builder.run.EndpointExplorationRunner,enrichWithKafkaDiff,PathsBundle;ExplorationOutcome;Endpoint;boolean;SynthesizedInput;List<io.graphrag.model.TableSchema>,graph-rag-builder/src/main/java/io/graphrag/builder/run/EndpointExplorationRunner.java,1211,1326,116,4,464,2.9946,22,10,658.8166
22,15,io.graphrag.builder.oracle.ConcolicOracle,invoke,MethodInsnNode;Deque<Sym>;int,graph-rag-builder/src/main/java/io/graphrag/builder/oracle/ConcolicOracle.java,359,407,49,5,245,2.0889,30,10,626.6692
4,16,io.graphrag.builder.cli.BuilderCli,build,BuildConfig,graph-rag-builder/src/main/java/io/graphrag/builder/cli/BuilderCli.java,215,369,155,36,5580,19.2331,20,1.5612,600.5265
19,17,io.graphrag.builder.run.KafkaCaptureReceiver,drain,String;long,graph-rag-builder/src/main/java/io/graphrag/builder/run/KafkaCaptureReceiver.java,164,232,69,4,276,2.0520,29,10,595.0930
17,18,io.graphrag.builder.run.EndpointExplorationRunner,exploreNegativeValidationVariants,"Endpoint;BodyShape;Map<String,List<FieldConstraint>>;ObjectNode",graph-rag-builder/src/main/java/io/graphrag/builder/run/EndpointExplorationRunner.java,695,737,43,7,301,4.4717,12,10,536.6055
8,19,io.graphrag.builder.index.ConstraintExtractor,extractStateGuards,CtModel,graph-rag-builder/src/main/java/io/graphrag/builder/index/ConstraintExtractor.java,551,719,169,8,1352,6.8188,71,1.0638,515.0406
24,20,io.graphrag.oracle.ReflectiveBodyInstantiator,buildFatJarClasspath,Path,graph-rag-builder/src/main/java/io/graphrag/oracle/ReflectiveBodyInstantiator.java,147,230,84,2,168,1.4860,34,10,505.2381
21,21,io.graphrag.builder.run.EndpointExplorationRunner,exploreFormReferenceTrials,"Endpoint;BodyShape;List<TableSchema>;List<FormFieldBinding>;Map<String,List<FieldConstraint>>;Map<String,BodyShape>;Map<String,RefCandidate>;Map<String,String>",graph-rag-builder/src/main/java/io/graphrag/builder/run/EndpointExplorationRunner.java,919,959,41,6,246,4.3979,9,10,395.8141
26,22,io.graphrag.generator.Generator,resolveLiteralPath,Endpoint;JsonNode;boolean,test-generator/src/main/java/io/graphrag/generator/Generator.java,627,658,32,4,128,2.5141,15,10,377.1083
23,23,io.graphrag.generator.Generator,generateKafka,GenerationRequest,test-generator/src/main/java/io/graphrag/generator/Generator.java,380,451,72,3,216,1.5520,23,10,356.9703
25,24,io.graphrag.builder.run.EndpointExplorationRunner,resolveFormRefCandidates,List<FormFieldBinding>;List<TableSchema>,graph-rag-builder/src/main/java/io/graphrag/builder/run/EndpointExplorationRunner.java,753,782,30,5,150,2.7694,12,10,332.3332
18,25,io.graphrag.builder.run.KafkaCaptureRunner,run,KafkaConsumer;BodyShape;List<TableSchema>,graph-rag-builder/src/main/java/io/graphrag/builder/run/KafkaCaptureRunner.java,81,122,42,7,294,3.2624,10,10,326.2418
27,26,io.graphrag.builder.env.HttpCaptureServer,drainByTraceId,String,graph-rag-builder/src/main/java/io/graphrag/builder/env/HttpCaptureServer.java,184,223,40,3,120,1.9057,17,10,323.9730
29,27,io.graphrag.builder.run.EndpointExplorationRunner,defaultColumnValue,ColumnSchema;boolean,graph-rag-builder/src/main/java/io/graphrag/builder/run/EndpointExplorationRunner.java,894,912,19,4,76,3.5375,9,10,318.3756
12,28,io.graphrag.builder.index.RouterFunctionIndexer,index,CtModel,graph-rag-builder/src/main/java/io/graphrag/builder/index/RouterFunctionIndexer.java,44,123,80,9,720,5.6191,52,1.0359,302.6676
28,29,io.graphrag.builder.run.EndpointExplorationRunner,sendVariantAndDumpDelta,HttpClient;Endpoint;JsonNode;String;SqlCaptureBackend.Scope,graph-rag-builder/src/main/java/io/graphrag/builder/run/EndpointExplorationRunner.java,2294,2348,55,2,110,1.9057,15,10,285.8585
30,30,io.graphrag.builder.run.EndpointExplorationRunner,captureResponseHeaders,"Map<String,java.util.List<String>>",graph-rag-builder/src/main/java/io/graphrag/builder/run/EndpointExplorationRunner.java,1614,1632,19,3,57,2.7172,10,10,271.7171
